Feature,Importance
Sex,0.016342835561135822
Age,0.052447363348938736
Dimension 2,0.17359807102637126
Dimension 1,0.7576117300635542
