Feature,Importance
Sex,0.02512516433787143
Region,0.0618844015040122
Age,0.06214728205365694
Dimension 2,0.1406506709854389
Dimension 1,0.7101924811190204
