Feature,Importance
Sex,0.012165068842840866
Region,0.05104516827613251
Age,0.12757952508437606
Dimension 1,0.5905527426668811
Dimension 2,0.21865749512976942
